id,first_name,last_name,email,gender,salary,team
1,Curr,Lasseter,classeter0@hp.com,Male,97308,Marketing
2,Jamal,Burriss,jburriss1@cisco.com,Male,130590,Finance
3,Spence,Abells,sabells2@seattletimes.com,Male,138705,Finance
4,Clerc,Skewes,cskewes3@sfgate.com,Male,101004,Client Services
5,Pavia,Chipp,pchipp4@seattletimes.com,Polygender,115163,Legal
6,Walliw,Tetther,wtetther5@mapquest.com,Female,65476,Product
7,Hebert,Philipsen,hphilipsen6@pagesperso-orange.fr,Male,95570,Engineering
8,Lucina,Whyteman,lwhyteman7@rakuten.co.jp,Female,139852,Business Development
9,Francisco,Marjoribanks,fmarjoribanks8@tmall.com,Genderqueer,102508,Legal
10,Dalenna,Lailey,dlailey9@photobucket.com,Female,112807,Human Resources
11,Bathsheba,Beetlestone,bbeetlestonea@nsw.gov.au,Female,109831,Sales
12,Binny,Demoge,bdemogeb@seattletimes.com,Female,41426,Finance
13,Orelee,Gregorio,ogregorioc@disqus.com,Female,59414,Product
14,Cosme,Bordessa,cbordessad@tinypic.com,Male,90370,Human Resources
15,Murray,Hulle,mhullee@cbslocal.com,Male,111737,Product
16,Alyssa,Philipart,aphilipartf@odnoklassniki.ru,Female,132940,Client Services
17,Orsola,Roggeman,oroggemang@printfriendly.com,Female,81014,Product
18,Kerry,Aindrais,kaindraish@chronoengine.com,Male,100612,Marketing
19,Maribel,Meany,mmeanyi@time.com,Female,97950,Client Services
20,Carlos,Dewsbury,cdewsburyj@networksolutions.com,Male,37598,Marketing
21,Annice,Monckton,amoncktonk@instagram.com,Female,124008,Client Services
22,Candy,Castletine,ccastletinel@tuttocitta.it,Female,79529,Legal
23,Thaddeus,Lewry,tlewrym@webeden.co.uk,Non-binary,118780,Engineering
24,Berri,Happs,bhappsn@altervista.org,Female,119082,Business Development
25,Kala,Hardiker,khardikero@bloomberg.com,Female,95734,Client Services
26,Currie,Monteith,cmonteithp@state.gov,Male,85182,Sales
27,Thorin,Kobieriecki,tkobierieckiq@dyndns.org,Male,142032,Business Development
28,Erasmus,Kittiman,ekittimanr@cornell.edu,Male,57427,Client Services
29,Iormina,Benduhn,ibenduhns@nature.com,Female,36844,Business Development
30,Loren,Harce,lharcet@instagram.com,Female,99283,Distribution
31,Ag,Sacher,asacheru@cisco.com,Female,121918,Legal
32,Brandy,Matthius,bmatthiusv@printfriendly.com,Male,73524,Marketing
33,Fletch,Kearton,fkeartonw@google.com.br,Male,145146,Product
34,Kelwin,Kroch,kkrochx@bandcamp.com,Male,88010,Sales
35,Gordy,Passfield,gpassfieldy@bloglines.com,Male,114796,Finance
36,Locke,Cornford,lcornfordz@t.co,Male,66820,Client Services
37,Ibrahim,Francesc,ifrancesc10@photobucket.com,Male,93581,Business Development
38,Keefer,Saw,ksaw11@mapy.cz,Bigender,94976,Engineering
39,Alric,Capini,acapini12@t-online.de,Male,49339,Human Resources
40,Opaline,Guidelli,oguidelli13@youtube.com,Female,83677,Engineering
41,Barry,Koene,bkoene14@comcast.net,Female,102488,Product
42,Dulcinea,Cranna,dcranna15@vkontakte.ru,Female,130276,Finance
43,Kristoffer,Selburn,kselburn16@github.com,Male,64715,Human Resources
44,Bryant,Pavelka,bpavelka17@discovery.com,Male,72670,Engineering
45,Puff,Jeness,pjeness18@toplist.cz,Male,66851,Engineering
46,Bucky,Weblin,bweblin19@newyorker.com,Male,106862,Business Development
47,Helaine,Dowker,hdowker1a@pagesperso-orange.fr,Female,35203,Human Resources
48,Sile,Burthom,sburthom1b@sogou.com,Female,61310,Distribution
49,Guinna,Joicey,gjoicey1c@tuttocitta.it,Female,125250,Business Development
50,Wiley,Lohde,wlohde1d@rambler.ru,Male,51178,Finance
51,Evyn,Kynvin,ekynvin1e@usda.gov,Male,84834,Finance
52,Finley,Valente,fvalente1f@vk.com,Male,118172,Sales
53,Gunilla,Beggi,gbeggi1g@umich.edu,Female,54043,Product
54,Broderick,Domini,bdomini1h@scientificamerican.com,Male,90582,Sales
55,Krystalle,Piercy,kpiercy1i@amazonaws.com,Female,62096,Marketing
56,Isabel,Bisatt,ibisatt1j@gravatar.com,Female,104897,Human Resources
57,Gerhardine,Coolahan,gcoolahan1k@reference.com,Bigender,131604,Distribution
58,Gonzales,Laborde,glaborde1l@mediafire.com,Male,107391,Marketing
59,Avrom,Schelle,aschelle1m@virginia.edu,Male,114797,Sales
60,Parker,Reggio,preggio1n@bluehost.com,Male,115814,Product
61,Leo,Conew,lconew1o@salon.com,Male,47369,Legal
62,Robbert,Ivankovic,rivankovic1p@nba.com,Male,35095,Client Services
63,Tamqrah,Sarfati,tsarfati1q@reverbnation.com,Female,148115,Finance
64,Kevyn,Battman,kbattman1r@nytimes.com,Female,83072,Finance
65,Levi,Francesconi,lfrancesconi1s@ning.com,Male,100238,Client Services
66,Chery,Brumfitt,cbrumfitt1t@chicagotribune.com,Female,144887,Sales
67,Bucky,Pappin,bpappin1u@redcross.org,Male,64088,Legal
68,Lezley,Smurfit,lsmurfit1v@ucla.edu,Genderfluid,51082,Legal
69,Madelene,Leftwich,mleftwich1w@infoseek.co.jp,Female,119009,Business Development
70,Alyda,Broodes,abroodes1x@whitehouse.gov,Female,130620,Legal
71,Tiebout,Knewstubb,tknewstubb1y@independent.co.uk,Male,43026,Client Services
72,Morly,Althrope,malthrope1z@harvard.edu,Male,142321,Finance
73,Darla,Leyre,dleyre20@washington.edu,Female,100705,Marketing
74,Nils,Doby,ndoby21@sun.com,Male,77544,Business Development
75,Elvyn,Linnock,elinnock22@mozilla.com,Male,48109,Finance
76,William,Norquay,wnorquay23@oakley.com,Male,61602,Marketing
77,Giraud,Kettel,gkettel24@foxnews.com,Male,103902,Client Services
78,Yvor,Kinney,ykinney25@rakuten.co.jp,Male,136984,Finance
79,Angelle,Vials,avials26@house.gov,Female,80740,Marketing
80,Kiersten,Davern,kdavern27@google.ca,Female,91712,Finance
81,Tammara,Murcutt,tmurcutt28@omniture.com,Female,42146,Legal
82,Quinta,Moine,qmoine29@nasa.gov,Female,68680,Legal
83,Zach,Walak,zwalak2a@addtoany.com,Male,147113,Legal
84,Doe,Vicioso,dvicioso2b@twitter.com,Female,42153,Business Development
85,Denise,Bloomer,dbloomer2c@constantcontact.com,Female,64363,Marketing
86,Harald,Biesinger,hbiesinger2d@goodreads.com,Male,114767,Engineering
87,Rosene,Grindlay,rgrindlay2e@issuu.com,Female,58698,Business Development
88,Analise,Chellam,achellam2f@ft.com,Female,54585,Product
89,Galvin,Saffrin,gsaffrin2g@macromedia.com,Male,109095,Finance
90,Taite,Ornillos,tornillos2h@toplist.cz,Male,120204,Business Development
91,Franciskus,Forbes,fforbes2i@themeforest.net,Male,41054,Marketing
92,Donal,Timpany,dtimpany2j@blogspot.com,Male,84885,Business Development
93,Deanna,Greendale,dgreendale2k@umn.edu,Female,110169,Engineering
94,Morton,Colleton,mcolleton2l@unblog.fr,Male,73789,Product
95,Hedda,Daughtrey,hdaughtrey2m@woothemes.com,Female,76078,Product
96,Cleon,Marvell,cmarvell2n@skype.com,Male,49368,Human Resources
97,Margie,Collum,mcollum2o@odnoklassniki.ru,Female,57325,Human Resources
98,Jenifer,Conelly,jconelly2p@economist.com,Female,66521,Human Resources
99,Mel,Drakeford,mdrakeford2q@nature.com,Polygender,127654,Client Services
100,Felic,Nilges,fnilges2r@fda.gov,Male,60866,Business Development
101,Ethe,Hanwright,ehanwright2s@cafepress.com,Male,41334,Human Resources
102,Eddie,Sammons,esammons2t@wikipedia.org,Female,94231,Product
103,Corinna,Marns,cmarns2u@businesswire.com,Female,146670,Human Resources
104,Trish,Budden,tbudden2v@census.gov,Female,106317,Client Services
105,Maddy,Nelle,mnelle2w@sohu.com,Female,109260,Business Development
106,Kristyn,Wanne,kwanne2x@paypal.com,Female,134148,Legal
107,Jorge,Guitton,jguitton2y@ycombinator.com,Genderqueer,43542,Legal
108,Annamarie,Petz,apetz2z@geocities.jp,Female,95327,Distribution
109,Vite,Munkley,vmunkley30@google.cn,Male,112238,Engineering
110,Keefer,Dinsale,kdinsale31@wordpress.org,Male,113850,Marketing
111,Stanfield,Maycey,smaycey32@msn.com,Non-binary,110194,Product
112,Buck,Bottell,bbottell33@techcrunch.com,Male,146129,Finance
113,Deena,Rides,drides34@vkontakte.ru,Female,71715,Client Services
114,Gail,Weildish,gweildish35@symantec.com,Female,95322,Product
115,Mela,Rickeard,mrickeard36@lycos.com,Female,89227,Legal
116,Micheil,Maddison,mmaddison37@msu.edu,Male,135490,Marketing
117,Tannie,Newbury,tnewbury38@cbslocal.com,Male,129297,Client Services
118,Janis,Fosberry,jfosberry39@live.com,Female,85730,Product
119,Rogers,Giacobbo,rgiacobbo3a@dedecms.com,Male,104058,Business Development
120,Arnie,Brooks,abrooks3b@latimes.com,Male,105062,Human Resources
121,Waylen,Donaghie,wdonaghie3c@addthis.com,Male,114412,Marketing
122,Sharyl,Glaves,sglaves3d@indiatimes.com,Polygender,149563,Finance
123,Roch,Rickasse,rrickasse3e@1688.com,Female,89786,Legal
124,Jorey,Fancett,jfancett3f@auda.org.au,Female,52226,Client Services
125,Hammad,Cella,hcella3g@zimbio.com,Genderqueer,134645,Business Development
126,Michel,Sandever,msandever3h@people.com.cn,Male,142178,Sales
127,Franchot,MacAloren,fmacaloren3i@ca.gov,Male,53754,Product
128,Shepherd,Fligg,sfligg3j@about.me,Male,133772,Sales
129,Jilli,Kingman,jkingman3k@cmu.edu,Female,143499,Engineering
130,Kimbra,Rounding,krounding3l@exblog.jp,Female,97058,Finance
131,Tobe,Dyble,tdyble3m@uol.com.br,Male,85446,Engineering
132,Sondra,Wombwell,swombwell3n@homestead.com,Female,146651,Engineering
133,Lexy,Maceur,lmaceur3o@tinypic.com,Female,124486,Product
134,Renard,Grichukhin,rgrichukhin3p@indiegogo.com,Non-binary,102652,Distribution
135,Missie,Kindle,mkindle3q@ovh.net,Female,144474,Product
136,Waylon,Vannini,wvannini3r@pbs.org,Male,68759,Finance
137,Vere,Walicki,vwalicki3s@time.com,Female,57286,Business Development
138,Gage,Castletine,gcastletine3t@a8.net,Male,58129,Distribution
139,Batsheva,Pixton,bpixton3u@phpbb.com,Female,123940,Business Development
140,Emiline,Hansman,ehansman3v@qq.com,Agender,140810,Client Services
141,Hersh,Antunes,hantunes3w@epa.gov,Male,42090,Legal
142,Floria,Korn,fkorn3x@disqus.com,Female,51430,Marketing
143,Sondra,Pow,spow3y@squarespace.com,Polygender,71749,Legal
144,Anastasie,Randall,arandall3z@wikipedia.org,Female,85700,Sales
145,Dolly,D'Angeli,ddangeli40@google.ru,Female,57783,Finance
146,Lacey,Muglestone,lmuglestone41@fda.gov,Female,36946,Engineering
147,Vergil,Sulland,vsulland42@live.com,Male,109259,Legal
148,Marylou,Loan,mloan43@oracle.com,Female,131038,Distribution
149,Aloise,Saggs,asaggs44@mapy.cz,Female,121068,Product
150,Patrica,Methuen,pmethuen45@hhs.gov,Female,62719,Client Services
151,Devinne,Atwood,datwood46@washingtonpost.com,Female,69268,Client Services
152,Suzi,Bestiman,sbestiman47@skype.com,Female,36067,Product
153,Bennie,Havill,bhavill48@constantcontact.com,Male,89661,Finance
154,Gannie,Schooling,gschooling49@arstechnica.com,Male,36643,Marketing
155,Lynnet,Broadfoot,lbroadfoot4a@go.com,Female,140558,Sales
156,Dania,Balser,dbalser4b@yellowbook.com,Female,103521,Business Development
157,Neala,Agge,nagge4c@a8.net,Female,55281,Marketing
158,Ellissa,Winterbourne,ewinterbourne4d@squidoo.com,Female,115711,Finance
159,Kylen,Rothman,krothman4e@opensource.org,Polygender,114079,Client Services
160,Dukie,Ayars,dayars4f@google.it,Male,57531,Client Services
161,Emelen,Sarll,esarll4g@webs.com,Male,141069,Human Resources
162,Inglebert,Townsend,itownsend4h@g.co,Genderfluid,89434,Engineering
163,Sasha,O'Concannon,soconcannon4i@prweb.com,Genderqueer,44639,Legal
164,Domeniga,Tyhurst,dtyhurst4j@seattletimes.com,Female,110967,Human Resources
165,Vivie,Brittle,vbrittle4k@independent.co.uk,Female,115387,Client Services
166,Odilia,MacTerlagh,omacterlagh4l@squarespace.com,Genderfluid,81673,Engineering
167,Gilles,McGeady,gmcgeady4m@nps.gov,Male,109588,Engineering
168,Bernice,Tryhorn,btryhorn4n@youtu.be,Female,92544,Client Services
169,Pernell,Davion,pdavion4o@cnet.com,Male,142373,Marketing
170,Rourke,Messier,rmessier4p@dell.com,Male,83341,Client Services
171,Margareta,Taffie,mtaffie4q@example.com,Female,120444,Finance
172,Blondy,Mayers,bmayers4r@psu.edu,Female,109564,Legal
173,Bud,Bernaldo,bbernaldo4s@deviantart.com,Male,78417,Finance
174,Brenn,Beddoes,bbeddoes4t@desdev.cn,Female,106947,Legal
175,Aymer,Burndred,aburndred4u@google.fr,Male,87298,Distribution
176,Lilias,Fishpond,lfishpond4v@yandex.ru,Female,64579,Sales
177,Pammy,Malenoir,pmalenoir4w@theguardian.com,Female,50905,Finance
178,Finley,Foyston,ffoyston4x@yellowpages.com,Male,59728,Client Services
179,Giraud,Lassells,glassells4y@ed.gov,Male,51685,Engineering
180,Graham,Jedrzaszkiewicz,gjedrzaszkiewicz4z@msu.edu,Male,49542,Distribution
181,Brett,Lissemore,blissemore50@dailymail.co.uk,Male,64084,Product
182,Roddy,Chidley,rchidley51@yelp.com,Male,147663,Human Resources
183,Barrett,Arrington,barrington52@guardian.co.uk,Genderqueer,73935,Sales
184,Anet,Crosier,acrosier53@marketwatch.com,Female,40837,Client Services
185,Karlik,Kurth,kkurth54@prlog.org,Male,94393,Engineering
186,Ethelbert,Chatwood,echatwood55@shutterfly.com,Male,42087,Product
187,Brant,Ivakhin,bivakhin56@paginegialle.it,Male,52080,Legal
188,Hollis,Shyres,hshyres57@ted.com,Male,35061,Legal
189,Derward,Crosdill,dcrosdill58@so-net.ne.jp,Male,127813,Finance
190,Melisent,Ulyatt,mulyatt59@timesonline.co.uk,Female,38041,Engineering
191,Renell,Braidford,rbraidford5a@tuttocitta.it,Female,126310,Product
192,Sol,Skillern,sskillern5b@cnbc.com,Male,142561,Client Services
193,Gail,Maddrah,gmaddrah5c@nationalgeographic.com,Male,70817,Engineering
194,Erich,Ochiltree,eochiltree5d@intel.com,Male,82782,Distribution
195,Sibyl,Thyer,sthyer5e@harvard.edu,Male,104896,Business Development
196,Rriocard,Warrior,rwarrior5f@gov.uk,Male,71896,Marketing
197,Valentine,Josefsson,vjosefsson5g@google.pl,Female,110485,Client Services
198,Nichols,Eley,neley5h@slate.com,Male,115118,Human Resources
199,Basilius,Wippermann,bwippermann5i@imageshack.us,Male,48696,Legal
200,Sibeal,Bachellier,sbachellier5j@state.tx.us,Female,89258,Human Resources
201,Noble,Froom,nfroom5k@blinklist.com,Male,90730,Distribution
202,Morna,Mc Faul,mmcfaul5l@parallels.com,Female,100308,Product
203,Roosevelt,Younghusband,ryounghusband5m@state.tx.us,Male,69134,Engineering
204,Lezley,Sigert,lsigert5n@icio.us,Male,50141,Human Resources
205,Hamid,Allanby,hallanby5o@mtv.com,Male,101941,Client Services
206,Mada,Sheehy,msheehy5p@usda.gov,Female,56526,Finance
207,Arron,Graffin,agraffin5q@netscape.com,Male,103235,Human Resources
208,Adey,Ostick,aostick5r@cnn.com,Female,74129,Product
209,Barthel,Garfath,bgarfath5s@harvard.edu,Male,74669,Product
210,Lucio,Boothebie,lboothebie5t@hao123.com,Male,97490,Marketing
211,Hanna,Effnert,heffnert5u@forbes.com,Female,104250,Business Development
212,Fiann,Goble,fgoble5v@rambler.ru,Female,94345,Finance
213,Mead,Fortie,mfortie5w@t.co,Male,51613,Distribution
214,Elga,Crosland,ecrosland5x@linkedin.com,Female,105946,Business Development
215,Adelina,June,ajune5y@washington.edu,Female,46080,Business Development
216,Bondie,Najafian,bnajafian5z@thetimes.co.uk,Male,134610,Human Resources
217,Welsh,Sheriff,wsheriff60@umich.edu,Male,107281,Engineering
218,Brandon,Sirett,bsirett61@utexas.edu,Non-binary,141521,Client Services
219,Mohandas,Beecham,mbeecham62@disqus.com,Male,65931,Human Resources
220,Tremaine,Zorn,tzorn63@springer.com,Male,69989,Finance
221,Harry,Walbrun,hwalbrun64@dmoz.org,Male,147183,Client Services
222,Karena,Petersen,kpetersen65@who.int,Female,75145,Legal
223,Helaina,le Keux,hlekeux66@yelp.com,Female,132839,Client Services
224,Asa,Macklin,amacklin67@sakura.ne.jp,Male,44537,Client Services
225,Harlin,Lumm,hlumm68@delicious.com,Male,118733,Marketing
226,Pen,McFadden,pmcfadden69@mit.edu,Agender,46905,Distribution
227,Harwell,Dinjes,hdinjes6a@vimeo.com,Male,79582,Legal
228,Darya,Marsay,dmarsay6b@issuu.com,Female,123811,Human Resources
229,Kai,Salzberger,ksalzberger6c@aol.com,Female,36711,Human Resources
230,Tamarah,Pembry,tpembry6d@wikia.com,Female,111786,Engineering
231,Celestyn,Mathy,cmathy6e@pinterest.com,Female,72257,Engineering
232,Domenic,Bardell,dbardell6f@sciencedaily.com,Male,71276,Human Resources
233,Tommy,Washbrook,twashbrook6g@amazon.co.jp,Female,46930,Finance
234,Trenton,Marklin,tmarklin6h@guardian.co.uk,Male,125220,Marketing
235,Culley,Bewly,cbewly6i@gizmodo.com,Male,121477,Business Development
236,Robbyn,Ortells,rortells6j@businessweek.com,Female,86386,Distribution
237,Marci,Myott,mmyott6k@pinterest.com,Female,81308,Legal
238,Elden,Gallear,egallear6l@youtu.be,Male,84810,Marketing
239,Daron,Pratte,dpratte6m@google.nl,Female,66775,Legal
240,Cosmo,Jobbins,cjobbins6n@epa.gov,Male,121604,Sales
241,Briant,McGeagh,bmcgeagh6o@so-net.ne.jp,Male,109510,Legal
242,Sonya,Mackett,smackett6p@jiathis.com,Female,123711,Product
243,Raimund,Pauly,rpauly6q@ustream.tv,Male,132381,Business Development
244,Gretta,Bosdet,gbosdet6r@naver.com,Female,148225,Finance
245,Alyosha,Buddleigh,abuddleigh6s@sina.com.cn,Agender,145988,Marketing
246,Anabal,Focke,afocke6t@yahoo.co.jp,Female,56926,Sales
247,Virgie,Dyke,vdyke6u@mail.ru,Male,41428,Product
248,Clarke,Frentz,cfrentz6v@deviantart.com,Male,115658,Sales
249,Shaylyn,Jee,sjee6w@slideshare.net,Female,76707,Business Development
250,Birgit,Loyndon,bloyndon6x@seesaa.net,Female,60388,Client Services
