id,first_name,last_name,email,gender,salary,team
251,Randa,Stolte,rstolte6y@ebay.com,Female,45150,Product
252,Pennie,Heare,pheare6z@altervista.org,Female,58755,Marketing
253,Archaimbaud,Bricknall,abricknall70@tiny.cc,Male,76076,Finance
254,Regine,Hancell,rhancell71@ucsd.edu,Female,135119,Client Services
255,Lyndell,Burnes,lburnes72@arstechnica.com,Female,36759,Marketing
256,Noach,MacAndreis,nmacandreis73@instagram.com,Male,121723,Product
257,Rhea,Bosse,rbosse74@fastcompany.com,Female,110061,Client Services
258,Staffard,Augur,saugur75@ftc.gov,Male,85074,Client Services
259,Kerrie,Peat,kpeat76@sun.com,Polygender,85799,Finance
260,Gilemette,De Winton,gdewinton77@toplist.cz,Female,75150,Legal
261,Dallas,Jahnke,djahnke78@google.com.hk,Male,91344,Sales
262,Aggi,Potteridge,apotteridge79@yandex.ru,Genderqueer,86326,Product
263,Chane,Henrych,chenrych7a@blogspot.com,Male,98753,Human Resources
264,Karla,Newborn,knewborn7b@wsj.com,Female,113060,Sales
265,Bearnard,Mapowder,bmapowder7c@networksolutions.com,Male,77327,Finance
266,Aloise,Gritland,agritland7d@taobao.com,Female,62666,Product
267,Druci,Murdie,dmurdie7e@google.com.hk,Female,96633,Engineering
268,Fernando,Sexten,fsexten7f@lycos.com,Male,58248,Business Development
269,Phil,Ewbanks,pewbanks7g@dyndns.org,Male,83706,Human Resources
270,Laughton,Lowis,llowis7h@cyberchimps.com,Male,74086,Human Resources
271,Edwin,Bateup,ebateup7i@cafepress.com,Male,95389,Sales
272,Pyotr,Geraghty,pgeraghty7j@mit.edu,Male,129968,Finance
273,Peggi,Artin,partin7k@kickstarter.com,Female,140347,Sales
274,Noell,Bartoli,nbartoli7l@nifty.com,Female,74287,Sales
275,Steffi,Helis,shelis7m@blogspot.com,Female,106406,Legal
276,Vonni,Custed,vcusted7n@tumblr.com,Female,115913,Legal
277,Emalee,Symonds,esymonds7o@csmonitor.com,Female,38092,Distribution
278,Thadeus,John,tjohn7p@fotki.com,Male,121160,Engineering
279,Horace,Prujean,hprujean7q@google.com.br,Male,90429,Product
280,Hallie,Wisker,hwisker7r@w3.org,Female,64207,Client Services
281,Sari,Loftus,sloftus7s@sohu.com,Female,80688,Sales
282,Sheffie,Dickie,sdickie7t@archive.org,Male,55044,Sales
283,Alyss,Mollett,amollett7u@jugem.jp,Female,72893,Distribution
284,Curry,Camelli,ccamelli7v@yale.edu,Male,97364,Product
285,Sunny,Foffano,sfoffano7w@simplemachines.org,Male,147183,Business Development
286,Merry,Toulmin,mtoulmin7x@ezinearticles.com,Male,87721,Product
287,Nolie,de Verson,ndeverson7y@tripod.com,Female,144001,Business Development
288,Caroline,McGlew,cmcglew7z@acquirethisname.com,Female,91133,Sales
289,Collen,Croucher,ccroucher80@cnet.com,Female,67827,Engineering
290,Rolland,Collicott,rcollicott81@jigsy.com,Male,81839,Sales
291,Upton,Stanyon,ustanyon82@cbslocal.com,Male,112548,Engineering
292,Randy,Lyenyng,rlyenyng83@globo.com,Male,111249,Human Resources
293,Dania,Bachshell,dbachshell84@hatena.ne.jp,Polygender,114334,Product
294,Zuzana,Schult,zschult85@altervista.org,Female,64172,Engineering
295,Merilee,Gawkes,mgawkes86@mapquest.com,Female,50167,Product
296,Granny,Samweyes,gsamweyes87@intel.com,Male,106995,Product
297,Laurene,Sauniere,lsauniere88@twitter.com,Bigender,70492,Client Services
298,Baily,Hovell,bhovell89@bandcamp.com,Male,125881,Sales
299,Leonidas,Weddup,lweddup8a@so-net.ne.jp,Male,123294,Client Services
300,Robinette,Putterill,rputterill8b@163.com,Female,131045,Product
301,Bernita,Gilmour,bgilmour8c@cnet.com,Polygender,140502,Sales
302,Lilly,Eddins,leddins8d@tumblr.com,Polygender,106310,Client Services
303,Myrle,McKimmey,mmckimmey8e@ed.gov,Female,111163,Product
304,Saba,Rosoni,srosoni8f@techcrunch.com,Female,93753,Sales
305,Hilary,Comoletti,hcomoletti8g@bizjournals.com,Female,63494,Human Resources
306,Drusie,Jekyll,djekyll8h@wired.com,Bigender,116693,Distribution
307,Ana,Belchambers,abelchambers8i@unc.edu,Female,85215,Human Resources
308,Jerrold,Blaxley,jblaxley8j@shutterfly.com,Male,86439,Finance
309,Selma,McBain,smcbain8k@amazon.de,Female,38872,Business Development
310,Joline,Fancy,jfancy8l@cnbc.com,Female,113506,Marketing
311,Petra,Langlois,planglois8m@shinystat.com,Non-binary,91522,Finance
312,Jamie,Cantrell,jcantrell8n@upenn.edu,Female,42214,Business Development
313,Leda,Downie,ldownie8o@hao123.com,Female,144082,Client Services
314,Tymothy,Trusse,ttrusse8p@latimes.com,Male,47885,Human Resources
315,Archie,Dalliston,adalliston8q@wp.com,Male,126232,Sales
316,Tynan,Vell,tvell8r@domainmarket.com,Male,134598,Business Development
317,Kipper,Drinnan,kdrinnan8s@webmd.com,Male,66604,Legal
318,Chickie,Riddett,criddett8t@youtube.com,Male,115194,Marketing
319,Casandra,Sammonds,csammonds8u@youtu.be,Female,49101,Business Development
320,Rosalia,Auchterlonie,rauchterlonie8v@google.com.au,Female,36403,Finance
321,Radcliffe,McGeouch,rmcgeouch8w@skype.com,Male,140136,Business Development
322,Erie,de Marco,edemarco8x@state.gov,Male,121508,Finance
323,Guillaume,Brothers,gbrothers8y@flavors.me,Male,79906,Sales
324,Pren,Reynoldson,preynoldson8z@e-recht24.de,Male,123144,Product
325,Lonnie,Shawdforth,lshawdforth90@technorati.com,Male,46953,Client Services
326,Mata,Jewsbury,mjewsbury91@prlog.org,Male,51395,Finance
327,Kandy,Bickle,kbickle92@amazon.de,Female,134408,Human Resources
328,Christabella,Winear,cwinear93@blogger.com,Female,71853,Sales
329,Nestor,Pittendreigh,npittendreigh94@sourceforge.net,Male,68028,Finance
330,Freeman,Slany,fslany95@hatena.ne.jp,Male,149903,Human Resources
331,Kaile,Radeliffe,kradeliffe96@msu.edu,Female,79123,Distribution
332,Wilden,Loughead,wloughead97@cnn.com,Male,104014,Legal
333,Viva,Charopen,vcharopen98@time.com,Female,65362,Legal
334,Libbie,Longfoot,llongfoot99@soup.io,Female,144709,Distribution
335,Donnie,Strahan,dstrahan9a@yelp.com,Female,53061,Finance
336,Silva,Sooper,ssooper9b@umn.edu,Female,36697,Sales
337,Adda,Vurley,avurley9c@ycombinator.com,Female,101036,Human Resources
338,Diannne,Lamblin,dlamblin9d@reuters.com,Female,52119,Client Services
339,Alys,Docket,adocket9e@google.pl,Female,46666,Business Development
340,Marcelo,Draco,mdraco9f@berkeley.edu,Male,73437,Finance
341,Flori,Wildman,fwildman9g@cmu.edu,Female,86318,Sales
342,Melany,Bastide,mbastide9h@about.me,Female,67150,Marketing
343,Wiatt,Cattow,wcattow9i@vimeo.com,Male,142208,Engineering
344,Brooks,Nund,bnund9j@quantcast.com,Female,81183,Client Services
345,Gretal,Golagley,ggolagley9k@sohu.com,Female,107163,Human Resources
346,Zeke,Colgrave,zcolgrave9l@diigo.com,Male,55038,Legal
347,Brittany,Cumming,bcumming9m@skyrock.com,Polygender,146812,Marketing
348,Emmerich,Bachman,ebachman9n@yahoo.com,Male,40119,Human Resources
349,Garrick,Coucha,gcoucha9o@cornell.edu,Male,69579,Human Resources
350,Reeva,Croix,rcroix9p@stumbleupon.com,Female,121232,Legal
351,Sydney,Prosser,sprosser9q@addthis.com,Female,102626,Finance
352,Pippa,Simchenko,psimchenko9r@independent.co.uk,Female,88276,Legal
353,Logan,Tyzack,ltyzack9s@tripod.com,Male,43354,Marketing
354,Cyndie,Brantzen,cbrantzen9t@last.fm,Genderfluid,125556,Engineering
355,Townie,Godball,tgodball9u@ihg.com,Male,59862,Product
356,Ermengarde,Oddey,eoddey9v@theguardian.com,Female,74640,Marketing
357,Faith,Maxstead,fmaxstead9w@slideshare.net,Female,52875,Legal
358,Con,McReidy,cmcreidy9x@cnbc.com,Male,58789,Sales
359,Valentin,Logsdale,vlogsdale9y@wufoo.com,Male,122897,Engineering
360,Zebulon,McBean,zmcbean9z@drupal.org,Male,136032,Marketing
361,Andrus,Defew,adefewa0@cpanel.net,Male,141958,Legal
362,Ad,Townes,atownesa1@example.com,Male,139917,Distribution
363,Munroe,Lemmer,mlemmera2@google.de,Genderqueer,147635,Human Resources
364,Lorens,Siddaley,lsiddaleya3@china.com.cn,Male,68230,Client Services
365,Anabelle,Tummasutti,atummasuttia4@reuters.com,Female,124365,Business Development
366,Regan,Bending,rbendinga5@pinterest.com,Non-binary,104749,Engineering
367,Fergus,Sprackling,fspracklinga6@wsj.com,Male,122121,Engineering
368,Bo,Tonner,btonnera7@prnewswire.com,Male,143541,Human Resources
369,Yurik,Bendig,ybendiga8@wunderground.com,Male,137840,Business Development
370,Annecorinne,Ohms,aohmsa9@sohu.com,Female,73354,Business Development
371,Yolanda,Crouch,ycrouchaa@cdc.gov,Female,106249,Sales
372,Vassili,Lunck,vlunckab@123-reg.co.uk,Male,50645,Marketing
373,Adela,Spiteri,aspiteriac@t.co,Female,142415,Finance
374,Michele,Klemenz,mklemenzad@meetup.com,Female,37984,Distribution
375,Rodina,Pull,rpullae@tripadvisor.com,Female,71751,Business Development
376,Jeni,Alwood,jalwoodaf@examiner.com,Female,135882,Legal
377,Justina,Cappineer,jcappineerag@deviantart.com,Female,46007,Client Services
378,Fitz,Gleadhall,fgleadhallah@mit.edu,Male,117055,Marketing
379,Jacquette,Greenrde,jgreenrdeai@goodreads.com,Female,121357,Business Development
380,Tomaso,Featonby,tfeatonbyaj@friendfeed.com,Male,44857,Finance
381,Tamra,Michallat,tmichallatak@nsw.gov.au,Female,47322,Sales
382,Lyndel,Enrietto,lenriettoal@dot.gov,Female,81077,Sales
383,Powell,Crooks,pcrooksam@elegantthemes.com,Male,76394,Marketing
384,Benito,Kolakowski,bkolakowskian@jigsy.com,Male,114356,Client Services
385,Vin,Dowdney,vdowdneyao@issuu.com,Female,41831,Business Development
386,Lindsey,Ceschini,lceschiniap@amazonaws.com,Female,72613,Legal
387,Stephanie,Glison,sglisonaq@hao123.com,Female,42748,Distribution
388,Fern,Beamish,fbeamishar@about.com,Female,37259,Client Services
389,Muffin,Marriner,mmarrineras@acquirethisname.com,Female,125033,Marketing
390,Forrester,Howcroft,fhowcroftat@bigcartel.com,Male,106472,Client Services
391,Emmanuel,Bech,ebechau@tripod.com,Male,103684,Engineering
392,Elbertine,Kingsnorth,ekingsnorthav@nytimes.com,Female,96111,Human Resources
393,Angil,Anselm,aanselmaw@arstechnica.com,Female,90719,Business Development
394,Lawton,Stuckes,lstuckesax@dagondesign.com,Male,140303,Legal
395,Priscella,Reynoollds,preynoolldsay@mapquest.com,Female,62161,Business Development
396,Rockwell,Tourot,rtourotaz@guardian.co.uk,Male,97370,Sales
397,Ailyn,Younge,ayoungeb0@sourceforge.net,Female,66224,Legal
398,Gerri,La Batie,glabatieb1@prnewswire.com,Female,97915,Human Resources
399,Eadie,Fassman,efassmanb2@va.gov,Genderfluid,86883,Product
400,Drucy,Radclyffe,dradclyffeb3@intel.com,Female,37812,Human Resources
401,Bailey,MacLaren,bmaclarenb4@google.com,Male,58047,Distribution
402,Terese,Crichley,tcrichleyb5@lycos.com,Female,124889,Sales
403,Vernen,Mullard,vmullardb6@ucoz.com,Male,67780,Human Resources
404,Abram,Bilam,abilamb7@utexas.edu,Genderqueer,144677,Finance
405,Jacques,MacShirie,jmacshirieb8@biglobe.ne.jp,Male,82401,Client Services
406,Andrea,Magister,amagisterb9@weather.com,Female,35575,Distribution
407,Barbabas,Leavy,bleavyba@auda.org.au,Male,123649,Marketing
408,Stepha,Hillan,shillanbb@ovh.net,Female,38078,Product
409,Charlton,Degli Antoni,cdegliantonibc@ocn.ne.jp,Male,52620,Product
410,Ursa,Blackeby,ublackebybd@google.pl,Female,91462,Marketing
411,Cosette,Mussett,cmussettbe@yale.edu,Female,146589,Business Development
412,Lemmy,Lewing,llewingbf@merriam-webster.com,Male,51633,Business Development
413,Mab,Duiged,mduigedbg@independent.co.uk,Female,45181,Human Resources
414,Jase,Fitzhenry,jfitzhenrybh@washington.edu,Male,62454,Sales
415,Sheff,Di Roberto,sdirobertobi@google.com.hk,Male,147362,Engineering
416,Shepherd,Antowski,santowskibj@prweb.com,Male,80803,Distribution
417,Ariella,Stainbridge,astainbridgebk@nps.gov,Female,117293,Client Services
418,Tiler,Mishaw,tmishawbl@github.com,Male,105689,Marketing
419,Dana,Ishaki,dishakibm@deliciousdays.com,Female,102555,Product
420,Audrie,Erwin,aerwinbn@nbcnews.com,Female,51525,Finance
421,Vincenz,Sokill,vsokillbo@jigsy.com,Male,41190,Sales
422,Sean,Gallatly,sgallatlybp@theatlantic.com,Male,75484,Finance
423,Gustav,Kebell,gkebellbq@bloglovin.com,Male,82726,Marketing
424,Geri,Riddett,griddettbr@businessinsider.com,Genderqueer,122319,Engineering
425,Murielle,Jobb,mjobbbs@chronoengine.com,Genderqueer,127297,Product
426,Darcee,Shwalbe,dshwalbebt@shutterfly.com,Female,109290,Engineering
427,Brandice,Rahill,brahillbu@amazon.co.jp,Female,71930,Product
428,Flss,Gherardini,fgherardinibv@pinterest.com,Female,66819,Marketing
429,Kizzee,Greenless,kgreenlessbw@bigcartel.com,Female,42424,Distribution
430,Gilligan,Faye,gfayebx@webmd.com,Female,51431,Engineering
431,Noble,Sherston,nsherstonby@acquirethisname.com,Male,120675,Human Resources
432,Frederich,Smallshaw,fsmallshawbz@nature.com,Male,96610,Client Services
433,Hagen,Piesold,hpiesoldc0@npr.org,Male,71430,Engineering
434,Mickie,Linn,mlinnc1@virginia.edu,Female,86723,Engineering
435,Sapphira,Mineghelli,smineghellic2@utexas.edu,Female,43414,Client Services
436,Charlena,Wakes,cwakesc3@storify.com,Female,87145,Human Resources
437,Pryce,Auld,pauldc4@amazon.de,Male,91124,Distribution
438,Gerry,Janikowski,gjanikowskic5@lycos.com,Male,90829,Marketing
439,Blair,Cosh,bcoshc6@vistaprint.com,Female,101262,Client Services
440,Morris,Chasteau,mchasteauc7@surveymonkey.com,Male,41427,Product
441,Mickie,O' Hern,mohernc8@edublogs.org,Female,56993,Marketing
442,Hermina,Saywood,hsaywoodc9@dmoz.org,Female,114244,Human Resources
443,Dotti,Slimmon,dslimmonca@chicagotribune.com,Agender,66077,Product
444,Lizzy,Ganning,lganningcb@yellowbook.com,Female,35013,Product
445,Wilhelm,Poel,wpoelcc@bloglovin.com,Male,98393,Client Services
446,Lamar,Dossettor,ldossettorcd@google.it,Male,107111,Product
447,Arlie,Hendrichs,ahendrichsce@blogger.com,Female,65673,Legal
448,Wolfgang,Richemont,wrichemontcf@apple.com,Male,81919,Marketing
449,Nickie,Ostridge,nostridgecg@icq.com,Male,59277,Finance
450,Joli,Akred,jakredch@t.co,Female,49501,Business Development
451,Laure,Kemery,lkemeryci@oracle.com,Female,70367,Legal
452,Arlina,Earngy,aearngycj@bloglines.com,Female,132156,Marketing
453,Robbert,Dron,rdronck@rambler.ru,Male,56961,Marketing
454,Chrissie,Currer,ccurrercl@soup.io,Female,98841,Client Services
455,Jessa,Djurdjevic,jdjurdjeviccm@msu.edu,Non-binary,78226,Human Resources
456,De,Koomar,dkoomarcn@uol.com.br,Agender,116931,Human Resources
457,Hermione,Lebel,hlebelco@japanpost.jp,Female,87575,Business Development
458,Daveen,Bottomley,dbottomleycp@tmall.com,Female,110924,Distribution
459,Sheppard,Witchalls,switchallscq@opera.com,Male,78351,Sales
460,Merlina,Givens,mgivenscr@jalbum.net,Female,125574,Sales
461,Viv,Boothebie,vboothebiecs@msn.com,Female,95198,Business Development
462,Eulalie,Goede,egoedect@themeforest.net,Female,121006,Finance
463,Sigismondo,Benzing,sbenzingcu@opensource.org,Male,95728,Business Development
464,Britt,Langlois,blangloiscv@seattletimes.com,Female,69740,Distribution
465,Ilise,Houlison,ihoulisoncw@sciencedirect.com,Non-binary,91996,Product
466,Marla,Ekell,mekellcx@typepad.com,Female,141335,Engineering
467,Delphinia,Coram,dcoramcy@icio.us,Female,97691,Client Services
468,Iver,Brentnall,ibrentnallcz@about.me,Male,47266,Client Services
469,Ceciley,Khosa,ckhosad0@hud.gov,Female,103405,Sales
470,Shandie,Conkling,sconklingd1@sohu.com,Female,41453,Product
471,Padgett,Paget,ppagetd2@furl.net,Polygender,65168,Distribution
472,Shurwood,Minci,smincid3@google.com.hk,Male,73105,Engineering
473,Chuck,Rizzillo,crizzillod4@opensource.org,Male,37916,Distribution
474,Gay,Fannin,gfannind5@sciencedirect.com,Female,45682,Marketing
475,Nadine,Dikelin,ndikelind6@yolasite.com,Bigender,69297,Finance
476,Nelle,Machon,nmachond7@walmart.com,Female,59070,Engineering
477,Asher,Tash,atashd8@myspace.com,Male,81215,Finance
478,Karlen,Ennever,kenneverd9@php.net,Female,128036,Client Services
479,Essa,Gonsalo,egonsaloda@amazon.com,Female,89780,Sales
480,Tallie,Klemps,tklempsdb@sphinn.com,Male,125018,Legal
481,Maximilian,Dunge,mdungedc@simplemachines.org,Male,133033,Sales
482,Collen,Malmar,cmalmardd@wikispaces.com,Female,82408,Marketing
483,Josiah,Sellek,jsellekde@cdbaby.com,Male,128305,Marketing
484,Foster,Downie,fdowniedf@altervista.org,Male,74911,Marketing
485,Abigail,McIver,amciverdg@storify.com,Genderfluid,47079,Legal
486,Alvinia,Garton,agartondh@cnn.com,Genderfluid,134673,Engineering
487,Kimball,Folonin,kfolonindi@loc.gov,Male,123591,Engineering
488,Christy,Tibalt,ctibaltdj@imageshack.us,Male,92430,Engineering
489,Clywd,Brownill,cbrownilldk@opensource.org,Male,126956,Human Resources
490,Becky,Vinton,bvintondl@usa.gov,Female,112467,Business Development
491,Wynn,Pury,wpurydm@bing.com,Male,42553,Distribution
492,Alexis,Cocklin,acocklindn@narod.ru,Male,102081,Sales
493,Kathrine,Giovani,kgiovanido@pbs.org,Female,71975,Human Resources
494,Timoteo,de Merida,tdemeridadp@virginia.edu,Male,149908,Finance
495,Shelby,Kingsnoad,skingsnoaddq@wikia.com,Female,79145,Finance
496,Hadleigh,Gonnel,hgonneldr@microsoft.com,Male,128031,Business Development
497,Mame,Kalvin,mkalvinds@blogspot.com,Female,59969,Finance
498,Joy,Shrawley,jshrawleydt@sohu.com,Female,35381,Finance
499,Cecily,Praton,cpratondu@ow.ly,Female,113129,Client Services
500,Clarisse,Claasen,cclaasendv@aol.com,Female,141932,Engineering
