id,first_name,last_name,email,gender,salary,team
501,Caitlin,Paulou,cpauloudw@constantcontact.com,Female,42296,Product
502,Engracia,Hansley,ehansleydx@umich.edu,Female,63395,Legal
503,Launce,Benger,lbengerdy@technorati.com,Male,125382,Client Services
504,Cami,Kirton,ckirtondz@lycos.com,Female,113592,Marketing
505,Rahel,Burberry,rburberrye0@abc.net.au,Female,46750,Sales
506,Alexandros,Crowch,acrowche1@last.fm,Genderqueer,90285,Client Services
507,Filberto,Pippard,fpipparde2@ebay.com,Male,123876,Engineering
508,Alberta,Teas,atease3@ihg.com,Female,41643,Distribution
509,Jillayne,Rudinger,jrudingere4@phoca.cz,Female,113760,Distribution
510,Suzann,Habard,shabarde5@wunderground.com,Female,49473,Legal
511,Torrance,Solano,tsolanoe6@digg.com,Male,146141,Distribution
512,Rodrique,Chishull,rchishulle7@vimeo.com,Male,67789,Legal
513,Fairleigh,Longthorne,flongthornee8@pinterest.com,Male,135758,Client Services
514,Judd,Canty,jcantye9@google.ca,Male,84672,Distribution
515,Thaddus,Theurer,ttheurerea@smugmug.com,Male,111580,Human Resources
516,Husain,Djurevic,hdjureviceb@dot.gov,Male,50455,Business Development
517,Sherrie,Johl,sjohlec@freewebs.com,Female,130577,Marketing
518,Marco,Salmoni,msalmonied@facebook.com,Genderqueer,138925,Marketing
519,Aldus,Teulier,ateulieree@vinaora.com,Male,62371,Client Services
520,Bryant,Kabsch,bkabschef@aol.com,Male,87715,Product
521,Becki,Rubinlicht,brubinlichteg@mayoclinic.com,Female,66029,Client Services
522,Mill,Robert,mroberteh@oaic.gov.au,Male,86818,Engineering
523,Diana,Stanney,dstanneyei@liveinternet.ru,Female,75147,Product
524,Delaney,Brands,dbrandsej@sciencedaily.com,Male,105573,Product
525,Emmet,Woodward,ewoodwardek@soundcloud.com,Male,93901,Legal
526,Myrlene,Mease,mmeaseel@technorati.com,Female,134988,Sales
527,Matthias,Figliovanni,mfigliovanniem@slate.com,Male,120941,Finance
528,Darrel,Closs,dclossen@cnbc.com,Male,118753,Sales
529,Nikki,Cona,nconaeo@abc.net.au,Male,92799,Sales
530,Katine,Blay,kblayep@amazon.de,Female,85718,Client Services
531,Jeannie,Shoulders,jshoulderseq@china.com.cn,Female,109517,Human Resources
532,Aylmer,Loud,alouder@webnode.com,Male,85550,Marketing
533,Bucky,Linklet,blinkletes@meetup.com,Male,78891,Distribution
534,Heda,Van Oord,hvanoordet@dyndns.org,Female,84693,Finance
535,Hakeem,Sharpling,hsharplingeu@yellowbook.com,Male,65251,Distribution
536,Ky,Whitelock,kwhitelockev@shop-pro.jp,Male,129148,Engineering
537,Kaye,Batty,kbattyew@merriam-webster.com,Female,75825,Engineering
538,Wynny,Rampton,wramptonex@npr.org,Female,51821,Legal
539,Eydie,Lorman,elormaney@cyberchimps.com,Female,58327,Finance
540,Evanne,Weatherburn,eweatherburnez@clickbank.net,Female,46478,Engineering
541,Miltie,Wake,mwakef0@dmoz.org,Male,79796,Distribution
542,Millisent,Rable,mrablef1@army.mil,Female,83809,Distribution
543,Barbie,Foyston,bfoystonf2@ucla.edu,Female,77933,Engineering
544,Kathie,Caen,kcaenf3@auda.org.au,Female,51070,Business Development
545,Earle,Leaves,eleavesf4@gmpg.org,Male,58357,Engineering
546,Lynna,Judron,ljudronf5@yahoo.com,Female,67165,Engineering
547,Sharron,Golley,sgolleyf6@scientificamerican.com,Female,145988,Human Resources
548,Sharla,Danilowicz,sdanilowiczf7@stanford.edu,Female,147417,Business Development
549,Benoite,McCurrie,bmccurrief8@google.com,Female,95003,Marketing
550,Win,Switsur,wswitsurf9@foxnews.com,Male,37888,Engineering
551,Minnaminnie,Brunelli,mbrunellifa@homestead.com,Female,131513,Finance
552,Haywood,Trembey,htrembeyfb@nature.com,Male,46875,Sales
553,Barton,Janes,bjanesfc@youtu.be,Male,82744,Client Services
554,Kai,Malt,kmaltfd@psu.edu,Female,43252,Client Services
555,Mahmoud,O'Donohue,modonohuefe@apache.org,Male,66047,Marketing
556,Elizabeth,Emmott,eemmottff@cnbc.com,Female,118431,Finance
557,Riccardo,Cottrill,rcottrillfg@t.co,Male,59943,Finance
558,Kylie,Boorne,kboornefh@answers.com,Female,82884,Business Development
559,Wallie,O' Driscoll,wodriscollfi@google.ca,Male,48668,Product
560,Juieta,Paolazzi,jpaolazzifj@com.com,Female,122971,Product
561,Constantina,Pethick,cpethickfk@tripadvisor.com,Non-binary,107050,Business Development
562,Rriocard,Wootton,rwoottonfl@yellowpages.com,Male,138598,Sales
563,Pansy,Fryers,pfryersfm@jigsy.com,Female,128540,Legal
564,Merwin,Santer,msanterfn@taobao.com,Male,61117,Client Services
565,Tracie,Sidebotton,tsidebottonfo@nps.gov,Male,100949,Human Resources
566,Emanuele,Rudwell,erudwellfp@geocities.com,Male,69111,Business Development
567,Wilhelmine,Piggin,wpigginfq@goodreads.com,Female,46602,Business Development
568,Hewie,Birchwood,hbirchwoodfr@smh.com.au,Genderqueer,61181,Business Development
569,Riane,Pierse,rpiersefs@flickr.com,Female,94963,Business Development
570,Patrizia,Consterdine,pconsterdineft@sogou.com,Female,102841,Client Services
571,Kerk,McCahill,kmccahillfu@tripadvisor.com,Male,49665,Business Development
572,Dulsea,Currie,dcurriefv@unblog.fr,Female,128042,Legal
573,Sholom,Heliot,sheliotfw@cornell.edu,Bigender,86150,Client Services
574,Gawain,Attreed,gattreedfx@webs.com,Male,121816,Distribution
575,Felipa,Bogace,fbogacefy@friendfeed.com,Female,123409,Product
576,Freddy,Counsell,fcounsellfz@ezinearticles.com,Male,59678,Distribution
577,Sol,Pickance,spickanceg0@wisc.edu,Genderfluid,57871,Human Resources
578,Mercie,Marklund,mmarklundg1@google.ru,Female,132084,Engineering
579,Violette,Dumper,vdumperg2@businesswire.com,Female,35633,Distribution
580,Korella,Missenden,kmissendeng3@blog.com,Female,125298,Legal
581,Marve,Shiliton,mshilitong4@typepad.com,Male,115582,Sales
582,Abby,Irwin,airwing5@devhub.com,Male,112975,Human Resources
583,Carroll,O'Corrigane,cocorriganeg6@ihg.com,Male,36927,Client Services
584,Carlye,Stempe,cstempeg7@cnbc.com,Female,70248,Sales
585,Mahala,Maberley,mmaberleyg8@example.com,Female,72002,Product
586,Suzette,Merida,smeridag9@360.cn,Female,102577,Product
587,Kirsteni,Steuhlmeyer,ksteuhlmeyerga@bing.com,Female,113554,Business Development
588,Marilyn,Jeanenet,mjeanenetgb@techcrunch.com,Female,75181,Finance
589,Neville,Walmsley,nwalmsleygc@liveinternet.ru,Male,79047,Human Resources
590,Amabelle,Exposito,aexpositogd@epa.gov,Female,52970,Sales
591,Rafaelita,Bletso,rbletsoge@facebook.com,Female,137979,Distribution
592,Alic,Maunders,amaundersgf@netlog.com,Male,114360,Business Development
593,Cheslie,Edwicke,cedwickegg@blogtalkradio.com,Female,110306,Human Resources
594,Bren,Lyston,blystongh@furl.net,Female,96649,Sales
595,Stormie,Issatt,sissattgi@uol.com.br,Female,111468,Product
596,Erroll,Tabord,etabordgj@amazon.co.uk,Male,141498,Sales
597,Wait,Rosoni,wrosonigk@feedburner.com,Male,40121,Product
598,Katti,Calver,kcalvergl@unc.edu,Female,129712,Finance
599,Morna,Blackmuir,mblackmuirgm@pcworld.com,Female,126010,Legal
600,Guy,Lindhe,glindhegn@symantec.com,Male,149105,Distribution
601,Sawyer,Berthelet,sbertheletgo@illinois.edu,Male,59970,Client Services
602,Fey,Cosins,fcosinsgp@de.vu,Bigender,145001,Engineering
603,Mellie,Carruthers,mcarruthersgq@msn.com,Agender,102589,Marketing
604,Virgilio,Hallows,vhallowsgr@dailymotion.com,Male,47529,Product
605,Octavius,Ruhben,oruhbengs@marketwatch.com,Male,148941,Product
606,Wadsworth,Gerriets,wgerrietsgt@blogger.com,Male,91109,Human Resources
607,Elfie,O'Dogherty,eodoghertygu@ocn.ne.jp,Female,51923,Business Development
608,Berkeley,Vaughn,bvaughngv@newsvine.com,Male,53954,Product
609,Brandie,Sharples,bsharplesgw@woothemes.com,Female,39335,Distribution
610,Kandace,Vsanelli,kvsanelligx@statcounter.com,Female,111371,Engineering
611,Kerry,Dressel,kdresselgy@hatena.ne.jp,Female,86676,Sales
612,Traci,Henrionot,thenrionotgz@kickstarter.com,Female,115057,Finance
613,Gabey,Rigardeau,grigardeauh0@ning.com,Female,145357,Engineering
614,Estell,Marrian,emarrianh1@opera.com,Genderfluid,36749,Finance
615,Dur,Walne,dwalneh2@admin.ch,Male,89854,Business Development
616,Sanders,Guillem,sguillemh3@woothemes.com,Male,134048,Marketing
617,Zebadiah,Badrock,zbadrockh4@freewebs.com,Male,123621,Marketing
618,Rollin,Sabater,rsabaterh5@cpanel.net,Male,54941,Distribution
619,Randy,Gregoletti,rgregolettih6@imageshack.us,Male,39371,Engineering
620,Kit,Tatem,ktatemh7@epa.gov,Male,83112,Marketing
621,Hewet,Ianson,hiansonh8@cdbaby.com,Male,96941,Distribution
622,Kari,Raund,kraundh9@youku.com,Female,47232,Legal
623,Madeline,Chrestien,mchrestienha@canalblog.com,Female,54058,Human Resources
624,Elias,Rassmann,erassmannhb@epa.gov,Genderqueer,118043,Business Development
625,Stefan,Deathridge,sdeathridgehc@upenn.edu,Male,97566,Marketing
626,Cathleen,Vye,cvyehd@nifty.com,Polygender,149684,Product
627,Lyndsay,Edlestone,ledlestonehe@slate.com,Female,71383,Human Resources
628,Dallas,Batteson,dbattesonhf@auda.org.au,Male,81206,Distribution
629,Cazzie,Meredith,cmeredithhg@odnoklassniki.ru,Male,69112,Finance
630,Decca,Lettley,dlettleyhh@mayoclinic.com,Male,120672,Legal
631,Gena,Ciccotti,gciccottihi@ucla.edu,Female,96511,Human Resources
632,Ricki,Bradmore,rbradmorehj@webnode.com,Male,132175,Engineering
633,Guenna,Dowsing,gdowsinghk@dropbox.com,Female,118037,Finance
634,Courtnay,Gurry,cgurryhl@shutterfly.com,Male,139570,Finance
635,Haven,Bawles,hbawleshm@furl.net,Male,115280,Distribution
636,Bordie,Perocci,bperoccihn@chron.com,Male,51065,Human Resources
637,Sayers,Shenfisch,sshenfischho@sciencedirect.com,Male,103854,Distribution
638,Carin,Cundey,ccundeyhp@macromedia.com,Female,48354,Business Development
639,Shea,Shearsby,sshearsbyhq@ameblo.jp,Male,132327,Product
640,Meyer,Glitherow,mglitherowhr@blinklist.com,Male,106362,Sales
641,Teodor,Snelgar,tsnelgarhs@photobucket.com,Male,131131,Client Services
642,Shanan,Longson,slongsonht@ihg.com,Male,129663,Human Resources
643,Yurik,Gooble,ygooblehu@seesaa.net,Male,93368,Product
644,Matthus,Litt,mlitthv@github.com,Male,53335,Product
645,Jo-anne,Wickstead,jwicksteadhw@yahoo.com,Female,105066,Business Development
646,Lulita,Dallmann,ldallmannhx@gov.uk,Female,63046,Finance
647,Wallace,Smiz,wsmizhy@acquirethisname.com,Male,98406,Product
648,Anett,Merwe,amerwehz@feedburner.com,Female,108581,Human Resources
649,Caryl,Mallender,cmallenderi0@amazon.co.uk,Bigender,41808,Business Development
650,Irvine,Hattiff,ihattiffi1@ed.gov,Male,36837,Marketing
651,Giulia,Graben,ggrabeni2@dyndns.org,Female,140850,Finance
652,Lorianna,Josselson,ljosselsoni3@ocn.ne.jp,Female,50426,Sales
653,Giuseppe,Donwell,gdonwelli4@ehow.com,Male,134120,Human Resources
654,Valentin,Minger,vmingeri5@omniture.com,Non-binary,80633,Legal
655,Elspeth,Ameer-Beg,eameerbegi6@dyndns.org,Polygender,131943,Client Services
656,Fallon,Sargant,fsarganti7@intel.com,Female,48046,Marketing
657,Tasia,MacCartair,tmaccartairi8@merriam-webster.com,Female,97443,Product
658,Inness,Tuminelli,ituminellii9@arstechnica.com,Male,135352,Business Development
659,Tuesday,Swepson,tswepsonia@ning.com,Female,96329,Engineering
660,Gilly,Wardall,gwardallib@jiathis.com,Female,73749,Business Development
661,Theodore,Canacott,tcanacottic@xrea.com,Male,75607,Sales
662,Barnebas,Flores,bfloresid@jigsy.com,Male,98858,Human Resources
663,Lark,Raraty,lraratyie@gizmodo.com,Female,76485,Engineering
664,Florencia,Shearsby,fshearsbyif@nasa.gov,Female,125418,Distribution
665,Marty,Beeken,mbeekenig@businessweek.com,Male,75415,Client Services
666,Vanna,Dispencer,vdispencerih@bloglovin.com,Female,142868,Marketing
667,Gard,Paschek,gpaschekii@printfriendly.com,Male,57300,Marketing
668,Eldin,Errey,eerreyij@upenn.edu,Male,73706,Finance
669,Willem,Godridge,wgodridgeik@behance.net,Male,85871,Product
670,Verena,Bartoleyn,vbartoleynil@hexun.com,Female,96795,Sales
671,Virginie,Vasilik,vvasilikim@apache.org,Female,92242,Legal
672,Dasie,Tomkies,dtomkiesin@earthlink.net,Female,115149,Legal
673,Johnath,Craighall,jcraighallio@auda.org.au,Female,126924,Finance
674,Hy,Fettes,hfettesip@virginia.edu,Male,92587,Finance
675,Siouxie,Madsen,smadseniq@mayoclinic.com,Female,60263,Sales
676,Kristel,Boyland,kboylandir@cmu.edu,Female,91406,Business Development
677,Martin,Medlin,mmedlinis@europa.eu,Male,37005,Marketing
678,Chester,Nevinson,cnevinsonit@w3.org,Male,45267,Sales
679,Janek,Applegarth,japplegarthiu@xrea.com,Male,59680,Business Development
680,Abie,Girodier,agirodieriv@jigsy.com,Male,144701,Marketing
681,Eal,Sothcott,esothcottiw@dropbox.com,Male,35477,Human Resources
682,Sande,Whartonby,swhartonbyix@quantcast.com,Agender,119266,Distribution
683,Pennie,Kattenhorn,pkattenhorniy@typepad.com,Female,47605,Human Resources
684,Amie,Manson,amansoniz@ucla.edu,Female,136604,Human Resources
685,Corty,Fabbro,cfabbroj0@slideshare.net,Male,121250,Finance
686,Merry,Anney,manneyj1@nasa.gov,Male,35884,Sales
687,Denny,O'Regan,doreganj2@tinypic.com,Male,137144,Finance
688,Dian,Mussard,dmussardj3@ca.gov,Female,102697,Engineering
689,Mariana,Rawlings,mrawlingsj4@miibeian.gov.cn,Polygender,61999,Product
690,Devland,St. Hill,dsthillj5@patch.com,Male,45223,Legal
691,Son,Nijs,snijsj6@uol.com.br,Male,54033,Business Development
692,Victoir,Kahen,vkahenj7@redcross.org,Male,99747,Marketing
693,Mattie,Ollander,mollanderj8@ehow.com,Male,71958,Distribution
694,Winnie,Eakly,weaklyj9@indiegogo.com,Genderfluid,115566,Client Services
695,Darius,Leng,dlengja@unesco.org,Male,118369,Business Development
696,Kelly,Kyrkeman,kkyrkemanjb@cpanel.net,Female,51667,Product
697,Sari,Cartman,scartmanjc@sohu.com,Female,85858,Client Services
698,Agneta,Maybury,amayburyjd@forbes.com,Female,131423,Distribution
699,Jay,Gerish,jgerishje@un.org,Male,49538,Client Services
700,Jackie,Barlow,jbarlowjf@delicious.com,Female,50369,Sales
701,Maurizio,Angless,manglessjg@harvard.edu,Male,86615,Business Development
702,Richardo,Rieme,rriemejh@godaddy.com,Male,60003,Client Services
703,Gayleen,Rutland,grutlandji@cam.ac.uk,Female,109324,Distribution
704,Birch,Van der Son,bvandersonjj@1688.com,Male,103557,Business Development
705,Natala,Ruskin,nruskinjk@booking.com,Female,111376,Business Development
706,Bordie,Gammie,bgammiejl@amazonaws.com,Male,75661,Legal
707,Cirstoforo,Tettersell,ctetterselljm@wikispaces.com,Male,85213,Marketing
708,Lorrayne,McLafferty,lmclaffertyjn@nih.gov,Female,140444,Distribution
709,Gilbert,Libero,gliberojo@jigsy.com,Male,90427,Client Services
710,Sammy,Lintot,slintotjp@msn.com,Male,141439,Business Development
711,Padriac,Mannooch,pmannoochjq@utexas.edu,Male,43694,Engineering
712,Jeannie,Stanlike,jstanlikejr@list-manage.com,Female,131952,Engineering
713,Wallie,Linsey,wlinseyjs@ft.com,Male,96250,Business Development
714,Klement,Bearward,kbearwardjt@fc2.com,Male,137386,Distribution
715,Sylvester,Lamp,slampju@sina.com.cn,Male,104840,Engineering
716,Jareb,Knottley,jknottleyjv@cdbaby.com,Male,75498,Marketing
717,Stanly,Giff,sgiffjw@newsvine.com,Male,67471,Engineering
718,Corrie,Legrand,clegrandjx@a8.net,Female,101914,Distribution
719,Sallyanne,Philippault,sphilippaultjy@spiegel.de,Genderqueer,142410,Engineering
720,Kristofor,Pryce,kprycejz@cdc.gov,Male,37385,Business Development
721,Vito,Crownshaw,vcrownshawk0@lulu.com,Male,58423,Business Development
722,Randie,Godber,rgodberk1@blogtalkradio.com,Male,113425,Human Resources
723,Ina,Canfield,icanfieldk2@oaic.gov.au,Female,57266,Product
724,Fidel,Cadman,fcadmank3@vimeo.com,Male,119667,Finance
725,Lambert,Standring,lstandringk4@si.edu,Male,127118,Legal
726,Davide,Figiovanni,dfigiovannik5@dailymotion.com,Male,80838,Engineering
727,Oneida,Bullivant,obullivantk6@oracle.com,Female,70990,Sales
728,Desmond,Coan,dcoank7@cnet.com,Male,39833,Engineering
729,Giacobo,Fashion,gfashionk8@ucla.edu,Male,45094,Business Development
730,Blake,Caherny,bcahernyk9@nasa.gov,Male,93997,Business Development
731,Garvey,Powis,gpowiska@nationalgeographic.com,Male,121797,Product
732,Shae,Newborn,snewbornkb@about.me,Male,89443,Sales
733,Raddy,Edmondson,redmondsonkc@jigsy.com,Polygender,35802,Sales
734,Diahann,Combes,dcombeskd@oaic.gov.au,Agender,68164,Client Services
735,Verney,Govenlock,vgovenlockke@stumbleupon.com,Male,93022,Human Resources
736,Rhetta,Jordi,rjordikf@fastcompany.com,Female,105681,Engineering
737,Ree,Steedman,rsteedmankg@creativecommons.org,Female,43050,Distribution
738,Nessa,Matskiv,nmatskivkh@java.com,Female,44486,Engineering
739,Sylas,Hartley,shartleyki@youtu.be,Male,63571,Product
740,Trula,Scohier,tscohierkj@paypal.com,Female,75423,Business Development
741,Jared,Fransson,jfranssonkk@alibaba.com,Male,137359,Business Development
742,Danny,Twyford,dtwyfordkl@theglobeandmail.com,Male,67656,Client Services
743,Tate,Kollatsch,tkollatschkm@irs.gov,Male,92436,Sales
744,Dean,Martinets,dmartinetskn@howstuffworks.com,Male,137954,Legal
745,Julius,Mattersey,jmatterseyko@stumbleupon.com,Male,124566,Product
746,Farlay,d' Elboux,fdelbouxkp@bloomberg.com,Male,66146,Human Resources
747,Tadio,Plastow,tplastowkq@zdnet.com,Male,142935,Product
748,Peggi,Pestricke,ppestrickekr@over-blog.com,Female,46233,Engineering
749,Allianora,Farfalameev,afarfalameevks@tinyurl.com,Female,148985,Legal
750,Karoly,Gason,kgasonkt@youku.com,Genderfluid,91411,Human Resources
