id,first_name,last_name,email,gender,salary,team
751,Joscelin,Littledike,jlittledikeku@weibo.com,Female,146907,Engineering
752,Adriano,Rosellini,arosellinikv@gravatar.com,Male,43455,Engineering
753,Nisse,Blower,nblowerkw@nyu.edu,Female,82871,Marketing
754,Libby,Hoyt,lhoytkx@noaa.gov,Agender,136709,Finance
755,Irene,Toopin,itoopinky@typepad.com,Female,47638,Human Resources
756,Jillane,Chable,jchablekz@people.com.cn,Female,100765,Client Services
757,Dinah,Annear,dannearl0@amazon.com,Female,134505,Marketing
758,Van,Valenti,vvalentil1@aboutads.info,Male,112769,Finance
759,Palmer,Sowrah,psowrahl2@hexun.com,Male,56450,Engineering
760,Imojean,Vivash,ivivashl3@scribd.com,Female,98874,Marketing
761,Alfi,Ryce,arycel4@tripod.com,Female,42392,Finance
762,Megen,Coulton,mcoultonl5@tripadvisor.com,Female,96914,Product
763,Charis,Relf,crelfl6@newsvine.com,Female,60500,Business Development
764,Meade,Bowbrick,mbowbrickl7@domainmarket.com,Female,129949,Sales
765,Dita,Elphey,delpheyl8@google.com.au,Female,71975,Human Resources
766,Pandora,Cockle,pcocklel9@bravesites.com,Female,149908,Finance
767,Vanya,Williscroft,vwilliscroftla@slideshare.net,Male,79145,Finance
768,Nancey,Langton,nlangtonlb@nhs.uk,Female,128031,Business Development
769,Aloysius,Dyster,adysterlc@chronoengine.com,Male,59969,Finance
770,Bennie,Woodes,bwoodesld@sphinn.com,Female,35381,Finance
771,Chauncey,Tootin,ctootinle@sciencedaily.com,Male,113129,Client Services
772,Neile,Heeney,nheeneylf@arstechnica.com,Female,141932,Engineering
773,Hamilton,Munday,hmundaylg@ca.gov,Male,42296,Product
774,Hewet,McAline,hmcalinelh@chronoengine.com,Male,63395,Legal
775,Claire,Franceschi,cfranceschili@etsy.com,Female,125382,Client Services
776,Trude,Gillham,tgillhamlj@dmoz.org,Female,113592,Marketing
777,Helene,Gioani,hgioanilk@surveymonkey.com,Female,46750,Sales
778,Rena,Waters,rwatersll@mozilla.com,Female,90285,Client Services
779,Aurelie,Justis,ajustislm@auda.org.au,Female,123876,Engineering
780,Osbourn,Hawker,ohawkerln@weebly.com,Male,41643,Distribution
781,Kingston,Goodale,kgoodalelo@mac.com,Male,113760,Distribution
782,Darin,McAndrew,dmcandrewlp@printfriendly.com,Male,49473,Legal
783,Gerianna,Meak,gmeaklq@marriott.com,Female,146141,Distribution
784,Audy,Beccera,abecceralr@dion.ne.jp,Female,67789,Legal
785,Evin,Realy,erealyls@ox.ac.uk,Male,135758,Client Services
786,Milly,Rosario,mrosariolt@reference.com,Female,84672,Distribution
787,Pieter,McGarry,pmcgarrylu@sbwire.com,Male,111580,Human Resources
788,Jenna,Mattholie,jmattholielv@comcast.net,Female,50455,Business Development
789,Sauncho,Somersett,ssomersettlw@ustream.tv,Male,130577,Marketing
790,Dodie,Adin,dadinlx@amazon.de,Female,138925,Marketing
791,Hadley,Ghent,hghently@icq.com,Male,62371,Client Services
792,Rafaelia,Bowker,rbowkerlz@netlog.com,Female,87715,Product
793,Minda,Leggin,mlegginm0@scribd.com,Female,66029,Client Services
794,Pennie,Breckin,pbreckinm1@last.fm,Male,86818,Engineering
795,Devan,Debrick,ddebrickm2@aol.com,Female,75147,Product
796,Baldwin,Cohani,bcohanim3@examiner.com,Agender,105573,Product
797,Eugenia,Swaine,eswainem4@wix.com,Genderfluid,93901,Legal
798,Kessiah,Woodruffe,kwoodruffem5@ebay.co.uk,Female,134988,Sales
799,Hedwiga,Roubay,hroubaym6@biblegateway.com,Female,120941,Finance
800,Addison,Streeton,astreetonm7@paypal.com,Male,118753,Sales
801,Burty,Seakin,bseakinm8@answers.com,Male,92799,Sales
802,Gilligan,Crighten,gcrightenm9@digg.com,Agender,85718,Client Services
803,Moe,Chessel,mchesselma@moonfruit.com,Male,109517,Human Resources
804,Felizio,Dalloway,fdallowaymb@ycombinator.com,Male,85550,Marketing
805,Alexina,MacGragh,amacgraghmc@flavors.me,Female,78891,Distribution
806,Adriaens,Kentish,akentishmd@sogou.com,Female,84693,Finance
807,Wolfy,Bettles,wbettlesme@ftc.gov,Male,65251,Distribution
808,Ulric,McKinstry,umckinstrymf@dion.ne.jp,Male,129148,Engineering
809,Rosana,Bassano,rbassanomg@tinypic.com,Female,75825,Engineering
810,Pepito,Instock,pinstockmh@ucoz.com,Male,51821,Legal
811,Homerus,Poulsum,hpoulsummi@webeden.co.uk,Male,58327,Finance
812,Ellsworth,Ellse,eellsemj@alibaba.com,Male,46478,Engineering
813,Ker,Wand,kwandmk@answers.com,Male,79796,Distribution
814,Abrahan,Fitzroy,afitzroyml@meetup.com,Male,83809,Distribution
815,Florella,Coltan,fcoltanmm@nps.gov,Genderfluid,77933,Engineering
816,Shoshana,Pordall,spordallmn@people.com.cn,Genderfluid,51070,Business Development
817,Nicolais,Bogue,nboguemo@vinaora.com,Genderfluid,58357,Engineering
818,Worthy,Stapele,wstapelemp@yellowbook.com,Male,67165,Engineering
819,Christophe,Ebbetts,cebbettsmq@livejournal.com,Male,145988,Human Resources
820,Nicko,Snugg,nsnuggmr@businesswire.com,Male,147417,Business Development
821,Antonie,Kruschev,akruschevms@salon.com,Female,95003,Marketing
822,Emmi,Holston,eholstonmt@feedburner.com,Female,37888,Engineering
823,Merry,Aspling,masplingmu@ebay.co.uk,Male,131513,Finance
824,Marie-jeanne,Taberner,mtabernermv@nymag.com,Female,46875,Sales
825,Blair,Riddock,briddockmw@example.com,Genderfluid,82744,Client Services
826,Zebadiah,Diggell,zdiggellmx@prweb.com,Male,43252,Client Services
827,Anastasie,Boot,abootmy@google.es,Female,66047,Marketing
828,Darryl,Perrins,dperrinsmz@devhub.com,Agender,118431,Finance
829,Nikki,Taffs,ntaffsn0@sciencedaily.com,Male,59943,Finance
830,Brannon,Winslett,bwinslettn1@gmpg.org,Male,82884,Business Development
831,Joline,Edes,jedesn2@cbc.ca,Female,48668,Product
832,Lanna,Patullo,lpatullon3@redcross.org,Female,122971,Product
833,Eugenie,Haps,ehapsn4@usatoday.com,Female,107050,Business Development
834,Gianni,Bounde,gbounden5@craigslist.org,Genderfluid,138598,Sales
835,Roderich,Rumbellow,rrumbellown6@admin.ch,Male,128540,Legal
836,Austin,Ivankovic,aivankovicn7@friendfeed.com,Male,61117,Client Services
837,Mildrid,Bedells,mbedellsn8@google.ca,Female,100949,Human Resources
838,Gawen,Haller,ghallern9@usda.gov,Male,69111,Business Development
839,Simon,Shyre,sshyrena@trellian.com,Genderfluid,46602,Business Development
840,Sophi,Stansell,sstansellnb@discuz.net,Female,61181,Business Development
841,Job,Cookson,jcooksonnc@seattletimes.com,Male,94963,Business Development
842,Raynor,Aldcorn,raldcornnd@tiny.cc,Male,102841,Client Services
843,Sammie,Leadley,sleadleyne@wix.com,Male,49665,Business Development
844,Kelly,Cutchie,kcutchienf@constantcontact.com,Female,128042,Legal
845,Phineas,Stammers,pstammersng@howstuffworks.com,Male,86150,Client Services
846,Morena,Donet,mdonetnh@freewebs.com,Female,121816,Distribution
847,Waldemar,McKmurrie,wmckmurrieni@cocolog-nifty.com,Male,123409,Product
848,Shawn,Morefield,smorefieldnj@discuz.net,Polygender,59678,Distribution
849,Filmore,Moreside,fmoresidenk@stumbleupon.com,Male,57871,Human Resources
850,Paule,Landis,plandisnl@ted.com,Female,132084,Engineering
851,Miriam,Mulqueen,mmulqueennm@t-online.de,Female,35633,Distribution
852,Teriann,Corthes,tcorthesnn@tripadvisor.com,Female,125298,Legal
853,Stern,Dalling,sdallingno@trellian.com,Male,115582,Sales
854,Marleah,Mallabone,mmallabonenp@yelp.com,Female,112975,Human Resources
855,Mile,Kayes,mkayesnq@over-blog.com,Male,36927,Client Services
856,Maure,Castells,mcastellsnr@instagram.com,Female,70248,Sales
857,Nance,Sheard,nsheardns@umn.edu,Female,72002,Product
858,Baird,Benasik,bbenasiknt@discuz.net,Male,102577,Product
859,Jaymee,Speer,jspeernu@vistaprint.com,Female,113554,Business Development
860,Carrol,Upchurch,cupchurchnv@twitpic.com,Male,75181,Finance
861,Evyn,Alliberton,eallibertonnw@cornell.edu,Male,79047,Human Resources
862,Francine,Cantillion,fcantillionnx@amazon.com,Female,52970,Sales
863,Elsey,Rubinsky,erubinskyny@walmart.com,Female,137979,Distribution
864,Skylar,Hunsworth,shunsworthnz@wordpress.org,Male,114360,Business Development
865,Forbes,Insoll,finsollo0@pagesperso-orange.fr,Male,110306,Human Resources
866,Petey,Manifould,pmanifouldo1@freewebs.com,Non-binary,96649,Sales
867,Una,Twitty,utwittyo2@cloudflare.com,Female,111468,Product
868,Calley,Sante,csanteo3@virginia.edu,Female,141498,Sales
869,Gaspard,Mains,gmainso4@blogs.com,Male,40121,Product
870,Alethea,MacClure,amacclureo5@cornell.edu,Female,129712,Finance
871,Antonella,Malin,amalino6@utexas.edu,Female,126010,Legal
872,Demetris,Trahmel,dtrahmelo7@desdev.cn,Female,149105,Distribution
873,Guy,Denver,gdenvero8@craigslist.org,Bigender,59970,Client Services
874,Mathew,Roscrigg,mroscriggo9@nhs.uk,Male,145001,Engineering
875,Angy,Paver,apaveroa@networkadvertising.org,Female,102589,Marketing
876,Dionisio,Streetfield,dstreetfieldob@diigo.com,Male,47529,Product
877,Tammie,Woolmore,twoolmoreoc@cornell.edu,Male,148941,Product
878,Starr,Monshall,smonshallod@discuz.net,Female,91109,Human Resources
879,Todd,Chalker,tchalkeroe@ted.com,Male,51923,Business Development
880,Delmer,Hassall,dhassallof@4shared.com,Male,53954,Product
881,Gael,Gillham,ggillhamog@globo.com,Female,39335,Distribution
882,Lilian,Awmack,lawmackoh@qq.com,Female,111371,Engineering
883,Cornelia,Hoyer,choyeroi@phpbb.com,Female,86676,Sales
884,Tresa,Lodeke,tlodekeoj@etsy.com,Female,115057,Finance
885,Wallis,Sprasen,wsprasenok@diigo.com,Female,145357,Engineering
886,Taber,Margetson,tmargetsonol@vkontakte.ru,Male,36749,Finance
887,Lorant,Goodridge,lgoodridgeom@alibaba.com,Male,89854,Business Development
888,Valle,Norcutt,vnorcutton@photobucket.com,Male,134048,Marketing
889,Osborne,Gallihaulk,ogallihaulkoo@edublogs.org,Male,123621,Marketing
890,Jolynn,Gricks,jgricksop@sfgate.com,Female,54941,Distribution
891,Jed,Gorton,jgortonoq@360.cn,Male,39371,Engineering
892,Gertrudis,Goulborn,ggoulbornor@dyndns.org,Female,83112,Marketing
893,Garth,Mooney,gmooneyos@marketwatch.com,Male,96941,Distribution
894,Esmaria,Pinilla,epinillaot@dell.com,Female,47232,Legal
895,Ichabod,Arangy,iarangyou@abc.net.au,Male,54058,Human Resources
896,Leese,Tonge,ltongeov@boston.com,Female,118043,Business Development
897,Brit,Screaton,bscreatonow@china.com.cn,Female,97566,Marketing
898,Ruddy,Epdell,repdellox@ft.com,Male,149684,Product
899,Aliza,Zanicchi,azanicchioy@yelp.com,Female,71383,Human Resources
900,Hillary,Highnam,hhighnamoz@parallels.com,Female,81206,Distribution
901,Ethelred,Hatfield,ehatfieldp0@last.fm,Male,69112,Finance
902,Sampson,Rosie,srosiep1@redcross.org,Male,120672,Legal
903,Garnette,Feria,gferiap2@youtu.be,Female,96511,Human Resources
904,Dexter,Windley,dwindleyp3@samsung.com,Male,132175,Engineering
905,Way,Danilov,wdanilovp4@myspace.com,Male,118037,Finance
906,Juline,Laurence,jlaurencep5@fda.gov,Female,139570,Finance
907,Faulkner,Surgeon,fsurgeonp6@utexas.edu,Male,115280,Distribution
908,Ferdy,Cordner,fcordnerp7@princeton.edu,Male,51065,Human Resources
909,Lorene,Betjeman,lbetjemanp8@example.com,Polygender,103854,Distribution
910,Rudyard,Krier,rkrierp9@elegantthemes.com,Male,48354,Business Development
911,Denver,De Coursey,ddecourseypa@indiegogo.com,Male,132327,Product
912,Lorry,Whiley,lwhileypb@tripadvisor.com,Male,106362,Sales
913,Vincenty,Browell,vbrowellpc@skype.com,Male,131131,Client Services
914,Alyce,Van T'Hoog,avanthoogpd@freewebs.com,Female,129663,Human Resources
915,Rossy,Lung,rlungpe@ebay.com,Male,93368,Product
916,Alric,Fullerd,afullerdpf@zdnet.com,Male,53335,Product
917,Kakalina,Plak,kplakpg@msu.edu,Female,105066,Business Development
918,Pancho,Stronghill,pstronghillph@cisco.com,Male,63046,Finance
919,Shayne,Burgyn,sburgynpi@tumblr.com,Female,98406,Product
920,Ruthi,Budnik,rbudnikpj@cargocollective.com,Female,108581,Human Resources
921,Richmond,Bolland,rbollandpk@slashdot.org,Male,41808,Business Development
922,Diane,Pardon,dpardonpl@live.com,Agender,36837,Marketing
923,Gaile,Scotter,gscotterpm@ucoz.ru,Male,140850,Finance
924,Deborah,Ismay,dismaypn@youtube.com,Female,50426,Sales
925,Ruthy,Larchiere,rlarchierepo@economist.com,Female,134120,Human Resources
926,Howie,Curnokk,hcurnokkpp@sun.com,Male,80633,Legal
927,Eleonora,Follacaro,efollacaropq@ameblo.jp,Female,131943,Client Services
928,Enrique,Storer,estorerpr@xinhuanet.com,Male,48046,Marketing
929,Odele,Morfett,omorfettps@slideshare.net,Female,97443,Product
930,Saunder,Rudland,srudlandpt@issuu.com,Male,135352,Business Development
931,Jone,D'Ruel,jdruelpu@salon.com,Male,96329,Engineering
932,Jimmy,Seleway,jselewaypv@feedburner.com,Male,73749,Business Development
933,Mavis,Howford,mhowfordpw@newyorker.com,Non-binary,75607,Sales
934,Blanca,Pladen,bpladenpx@linkedin.com,Female,98858,Human Resources
935,Abbe,Jilkes,ajilkespy@alibaba.com,Female,76485,Engineering
936,Cynthea,Witcombe,cwitcombepz@flavors.me,Female,125418,Distribution
937,Leroi,Duffree,lduffreeq0@baidu.com,Male,75415,Client Services
938,Reinald,Harral,rharralq1@businesswire.com,Male,142868,Marketing
939,Papageno,Gronav,pgronavq2@xing.com,Male,57300,Marketing
940,Aura,Gergler,agerglerq3@samsung.com,Genderqueer,73706,Finance
941,Rowena,Dominicacci,rdominicacciq4@jigsy.com,Female,85871,Product
942,Abra,Waywell,awaywellq5@va.gov,Female,96795,Sales
943,Talbert,McKain,tmckainq6@tiny.cc,Male,92242,Legal
944,Mae,Pendergast,mpendergastq7@google.nl,Female,115149,Legal
945,Duff,Bourke,dbourkeq8@cnbc.com,Male,126924,Finance
946,Danika,Alldred,dalldredq9@oaic.gov.au,Agender,92587,Finance
947,Tyne,Witcher,twitcherqa@nature.com,Female,60263,Sales
948,Allan,Bedrosian,abedrosianqb@flavors.me,Male,91406,Business Development
949,Humphrey,Harmson,hharmsonqc@salon.com,Male,37005,Marketing
950,Jervis,Mateo,jmateoqd@walmart.com,Male,45267,Sales
951,Case,Heinert,cheinertqe@slideshare.net,Male,59680,Business Development
952,Jacky,Wennington,jwenningtonqf@aboutads.info,Male,144701,Marketing
953,Aileen,Atcherley,aatcherleyqg@csmonitor.com,Female,35477,Human Resources
954,Finn,Coopey,fcoopeyqh@smugmug.com,Male,119266,Distribution
955,Reinaldos,Bottom,rbottomqi@bigcartel.com,Male,47605,Human Resources
956,Bevon,Yerrill,byerrillqj@facebook.com,Non-binary,136604,Human Resources
957,Vaughn,Cohani,vcohaniqk@marriott.com,Male,121250,Finance
958,Karlee,Clarridge,kclarridgeql@blogs.com,Genderqueer,35884,Sales
959,Charline,Hazle,chazleqm@vinaora.com,Female,137144,Finance
960,Meade,Tomovic,mtomovicqn@naver.com,Female,102697,Engineering
961,Oates,Fennick,ofennickqo@hostgator.com,Male,61999,Product
962,Mickey,Do Rosario,mdorosarioqp@cnbc.com,Male,45223,Legal
963,Burk,Wixey,bwixeyqq@etsy.com,Male,54033,Business Development
964,Dniren,Chastagnier,dchastagnierqr@adobe.com,Female,99747,Marketing
965,Reta,Rampling,rramplingqs@privacy.gov.au,Polygender,71958,Distribution
966,Misha,Simonson,msimonsonqt@github.com,Female,115566,Client Services
967,Cornelle,Thieme,cthiemequ@bloglines.com,Genderqueer,118369,Business Development
968,Grazia,Delf,gdelfqv@fc2.com,Female,51667,Product
969,Gregorius,Muskett,gmuskettqw@shareasale.com,Male,85858,Client Services
970,Andonis,Adderley,aadderleyqx@cornell.edu,Male,131423,Distribution
971,Robbie,Tysall,rtysallqy@booking.com,Male,49538,Client Services
972,Lucas,Wyse,lwyseqz@gizmodo.com,Male,50369,Sales
973,Cacilie,Mingardi,cmingardir0@marketwatch.com,Bigender,86615,Business Development
974,Jonis,Scirman,jscirmanr1@fema.gov,Female,60003,Client Services
975,Derward,Lashley,dlashleyr2@dion.ne.jp,Male,109324,Distribution
976,Sollie,Rebichon,srebichonr3@canalblog.com,Male,103557,Business Development
977,Tedman,Minards,tminardsr4@cornell.edu,Male,111376,Business Development
978,Earlie,Tebb,etebbr5@zimbio.com,Male,75661,Legal
979,Querida,Batrip,qbatripr6@slashdot.org,Female,85213,Marketing
980,Obadias,Happs,ohappsr7@utexas.edu,Male,140444,Distribution
981,Locke,Kaming,lkamingr8@ow.ly,Male,90427,Client Services
982,Tiffani,McGettigan,tmcgettiganr9@nps.gov,Female,141439,Business Development
983,Drugi,Van Hove,dvanhovera@sitemeter.com,Male,43694,Engineering
984,Dion,O'Rodane,dorodanerb@theguardian.com,Male,131952,Engineering
985,Georgeanne,Baglin,gbaglinrc@unesco.org,Female,96250,Business Development
986,Juana,Silverwood,jsilverwoodrd@wsj.com,Female,137386,Distribution
987,Anthea,McMichan,amcmichanre@npr.org,Non-binary,104840,Engineering
988,Axe,Carling,acarlingrf@drupal.org,Male,75498,Marketing
989,Massimo,Barbie,mbarbierg@a8.net,Male,67471,Engineering
990,Pembroke,Goulston,pgoulstonrh@example.com,Male,101914,Distribution
991,Brien,Urion,burionri@ucoz.com,Male,142410,Engineering
992,Jilly,Smeed,jsmeedrj@spotify.com,Agender,37385,Business Development
993,Addy,Sheilds,asheildsrk@dailymail.co.uk,Male,58423,Business Development
994,Sylvester,Tacey,staceyrl@wisc.edu,Male,113425,Human Resources
995,Aleen,Brandacci,abrandaccirm@amazon.co.uk,Female,57266,Product
996,Hurley,Campion,hcampionrn@google.pl,Male,119667,Finance
997,Goldy,Godbold,ggodboldro@linkedin.com,Female,127118,Legal
998,Myrtia,D'Hooge,mdhoogerp@com.com,Female,80838,Engineering
999,Virgilio,Berrick,vberrickrq@wikia.com,Male,70990,Sales
1000,Hernando,Skarr,hskarrrr@yahoo.com,Male,39833,Engineering
